metric,baseline,optimized,improvement(%)
total_time(s),0.08365858259208352,0.08223063679999987,1.7068730402070817
comm_ratio,0.9722983066728733,0.9676838299259232,0.47459475299720677
