metric,baseline,optimized,improvement(%)
total_time(s),0.009424709120000003,0.009424709120000003,0.0
comm_ratio,0.2531987290756738,0.2531987290756738,0.0
