metric,baseline,optimized,improvement(%)
total_time(s),0.01864912736000002,0.01864912736000002,0.0
comm_ratio,0.802704208720133,0.802704208720133,0.0
